job_category,min_salary,max_salary,average_salary,requirements_details,bonus_details,job_count,source_zangia,source_lambda,requirement_1_name,requirement_1_details,requirement_2_name,requirement_2_details,requirement_3_name,requirement_3_details,requirement_4_name,requirement_4_details,requirement_5_name,requirement_5_details,bonus_1_name,bonus_1_description,bonus_2_name,bonus_2_description,bonus_3_name,bonus_3_description,bonus_4_name,bonus_4_description,bonus_5_name,bonus_5_description
Бизнес хөгжлийн менежер,1500000,10000000,3000000,"Бизнес хөгжлийн менежерийн цалингийн хэмжээнд нөлөөлдөг гол хүчин зүйл нь салбарын онцлог болон гадаад хэлний мэдлэг юм. Уул уурхай, мэдээллийн технологи (IT), банк санхүү, болон олон улсын худалдааны салбаруудад цалингийн санал хамгийн өндөр байна. Ялангуяа Англи хэлнээс гадна Хятад хэлний өндөр мэдлэгтэй мэргэжилтнүүд (HSK 5-6) зах зээлийн дунджаас 30-50% өндөр цалин авах боломжтой. Мөн B2B (Байгууллага хоорондын) борлуулалтын туршлага, тендер болон гэрээ хэлэлцээрийн туршлага нь цалинг нэмэгдүүлэх чухал шалгуур болдог. Ахлах болон удирдах түвшний албан тушаалд багаа удирдах, стратеги төлөвлөлт хийх чадвар чухалчлагддаг.","Бизнес хөгжлийн менежерийн албан тушаал нь үндсэн цалингаас гадна борлуулалт болон гүйцэтгэлээс хамаарсан урамшууллын системд (Bonus scheme) хүчтэй тулгуурладаг. Гүйцэтгэлийн урамшуулал нь тухайн сарын болон улирлын төлөвлөгөөний биелэлтээс шалтгаалан үндсэн цалин дээр 500,000 - 3,000,000+ төгрөг хүртэл нэмэгдэх боломжтой байдаг. Түүнчлэн томоохон групп компаниуд (Таван Богд, Монос, MCS г.м) хувийн эрүүл мэндийн даатгал, утасны төлбөр, фитнесс эрх зэрэг нэмэлт хангамжуудыг багцаар нь олгодог нь нийт цалингийн багцын үнэлэмжийг өсгөдөг. Удирдах түвшний албан тушаалд компанийн машин, жолооч, эсвэл шатахууны лимит зэрэг хангамжууд багтдаг.",502,491,11,Боловсрол,"Бизнесийн удирдлага, Маркетинг, Гадаад худалдаа, Санхүү эсвэл тухайн салбарын (инженер, анагаах ухаан гэх мэт) чиглэлээр бакалавр болон түүнээс дээш зэрэгтэй байх.",Ажлын туршлага,"Борлуулалт, маркетинг, төслийн удирдлага эсвэл бизнес хөгжлийн чиглэлээр 2-5 жил, удирдах түвшинд 5+ жил ажилласан туршлагатай байх.",Гадаад хэл,Англи хэлний ахисан түвшний (B2-C1) мэдлэгтэй байх нь нийтлэг шаардлага бөгөөд Хятад эсвэл Орос хэлтэй бол цалингийн үнэлгээнд эерэгээр нөлөөлдөг.,Техникийн ур чадвар,"Microsoft Office, CRM программууд, Дата анализ хийх, тайлан боловсруулах, илтгэл тавих (Presentation) өндөр ур чадвартай байх.",Хувь хүний ур чадвар,"Харилцааны өндөр соёлтой, хэлэлцээр хийх (Negotiation), багаар ажиллах, шинэ санаачилга гаргах, стратегийн сэтгэлгээтэй байх.",Гүйцэтгэлийн урамшуулал,"Борлуулалтын төлөвлөгөө биелэлтээс хамаарсан сар, улирал, жилийн гүйцэтгэлийн урамшуулал (KPI). Энэ нь үндсэн цалингийн 20-50% хүртэл нэмэгдэх боломжтой.","Хоол, унааны хөнгөлөлт","Ажилтны өдрийн хоол болон ирж очих унааны зардлыг компаниас тогтмол олгох, эсвэл компанийн унаагаар хангах.",Хувийн эрүүл мэндийн даатгал,"Томоохон компаниуд (Монос, Таван Богд, Оюу Толгой г.м) ажилтнууддаа хувийн эмнэлгээр үйлчлүүлэх эрүүл мэндийн даатгалын багц санал болгодог.",Орон сууцны болон санхүүгийн дэмжлэг,"Урт хугацаанд тогтвортой ажилласан менежерүүдэд орон сууцны урьдчилгаа, зээлийн хүүгийн хөнгөлөлт эсвэл компанийн хувьцаа эзэмшүүлэх хөтөлбөр.","Эрүүл мэнд, спортын дэмжлэг","Фитнесс, иог, бассейны гишүүнчлэлийн эрх эсвэл хөнгөлөлт."
Захиргааны ажилтан,1200000,5000000,2300000,"Захиргааны ажилтны ажлын байранд тавигдах шаардлага нь компанийн үйл ажиллагааны чиглэлээс хамааран харилцан адилгүй байна. Үндсэн нийтлэг шаардлагад Бизнесийн удирдлага эсвэл Эрх зүйн чиглэлээр бакалаврын зэрэгтэй байх, Microsoft Office програмуудыг бүрэн эзэмшсэн байх, албан бичиг баримт боловсруулах, архивлах стандарт мэдлэгтэй байх зэрэг орно. Цалингийн түвшин өндөр ажлын байрнуудад (3.0 сая төгрөгөөс дээш) гадаад хэлний (ялангуяа Англи, Хятад) ахисан түвшний мэдлэг болон 3-аас дээш жилийн ажлын туршлага шаардаж байна. Харин ресепшн, дуудлагын оператор зэрэг эхлэн суралцагчдад зориулсан ажлын байрнуудад харилцааны соёл, хувийн зохион байгуулалтыг илүү чухалчилж байна.","Захиргааны ажилтны албан тушаалд үндсэн цалингаас гадна гүйцэтгэлийн үнэлгээ (KPI)-ээс хамаарсан улирлын болон жилийн эцсийн бонсууд нийтлэг байдаг. Ялангуяа гадаад хэлний мэдлэг шаардсан (тухайлбал Хятад, Англи хэлтэй) ажлын байрнууд болон уул уурхай, банк санхүүгийн салбарын компаниуд илүү өндөр цалин, хангамж (хувийн эрүүл мэндийн даатгал, унаа хоолны мөнгө) санал болгож байна. Мөн туршлагатай болон удирдах түвшний (оффис менежер, захирлын туслах) албан тушаалуудад ур чадварын нэмэгдэл олгох хандлагатай байна.",213,209,4,Боловсрол,"Бизнесийн удирдлага, Төрийн захиргаа, Гадаад харилцаа, Эрх зүй эсвэл Хүний нөөцийн чиглэлээр бакалавр болон түүнээс дээш зэрэгтэй байх.",Компьютерын хэрэглээ,"Microsoft Office (Word, Excel, PowerPoint) болон Google Workspace програмуудыг ахисан түвшинд эзэмшсэн, албан бичиг боловсруулах чадвартай байх.",Гадаад хэл,Англи хэлний дундаас дээш түвшний мэдлэгтэй байх (Бизнесийн харилцааны түвшинд). Зарим ажлын байранд Хятад эсвэл Солонгос хэл шаардана.,Ажлын туршлага,"Албан хэрэг хөтлөлт, архив бичиг хэрэг, захиргааны чиглэлээр 1-3 жил ажилласан туршлагатай байх (Зарим ажилд шинэ төгсөгч авна).",Хувь хүний ур чадвар,"Харилцааны өндөр соёлтой, хувийн зохион байгуулалт сайтай, багаар ажиллах, асуудал шийдвэрлэх чадвартай байх.",Гүйцэтгэлийн болон улирлын бонус,"Улирал, хагас жил эсвэл жилийн эцсийн үр дүнгийн (KPI) үнэлгээнээс хамааран олгогддог нэмэлт урамшуулал. Lambda болон томоохон компаниудын зарад дурдагдсан.","Хоол, унааны хөнгөлөлт",Ажилтны хоолны зардал болон унааны зардлыг компаниас бүрэн буюу хэсэгчлэн хариуцах хөнгөлөлт.,"Эрүүл мэнд, нийгмийн хангамж","Хувийн эрүүл мэндийн даатгалд хамруулах, гар утасны төлбөрийн хөнгөлөлт зэрэг нийгмийн багц.",Хэлний болон ур чадварын нэмэгдэл,"Англи, Хятад, Солонгос зэрэг гадаад хэлний өндөр мэдлэгтэй бол нэмэлт цалин эсвэл ур чадварын нэмэгдэл олгох.",Жилийн эцсийн урамшуулал,Урт хугацаанд тогтвортой ажилласан ажилтнуудад олгодог үнэнч ажилтны урамшуулал эсвэл 13 дахь сарын цалин.
Санхүүгийн шинжээч,1500000,7000000,3000000,"Санхүүгийн шинжээчийн цалингийн хэмжээ нь тухайн ажилтны эзэмшсэн 'Hard Skills' буюу Excel, Power BI, SQL, Python зэрэг өгөгдөл боловсруулах хэрэгслүүдийн мэдлэгээс шууд хамааралтай байна. Мөн олон улсад хүлээн зөвшөөрөгдсөн CFA, ACCA зэрэг мэргэжлийн зэргүүд нь цалинг 30-50% нэмэгдүүлэх боломж олгодог. Англи хэлний мэдлэг нь дотоодын компаниудад давуу тал болдог бол уул уурхай болон олон улсын хөрөнгө оруулалттай компаниудад үндсэн шаардлага болж, цалингийн суурь хэмжээг өсгөдөг. Туршлагын хувьд банкны салбарын туршлага нь бусад салбарт шилжихэд өндөр үнэлэгддэг.","Санхүүгийн шинжээчийн ажлын байрны цалингийн бүтцэд үндсэн цалингаас гадна гүйцэтгэлийн урамшуулал томоохон байр суурь эзэлдэг. Ялангуяа Банк, ББСБ, Хөрөнгийн зах зээлийн компаниудад (Жишээ нь: Инвескор, Голомт банк) улирал болон хагас жилийн бонус нь нийт орлогын 20-40%-ийг бүрдүүлэх боломжтой. Уул уурхайн салбарт (МАК, Багануур) үндсэн цалин өндөр байхаас гадна жилийн эцсийн бонус, хувийн эрүүл мэндийн даатгал, байрны дэмжлэг зэрэг нийгмийн халамжийн багцууд цалингийн багцад хүчтэй нөлөөлдөг. Харин худалдааны салбарт (Номин, БСБ) борлуулалт болон ашигт ажиллагаанаас хамаарсан улирлын урамшуулал зонхилж байна.",342,329,13,Боловсролын зэрэг,"Санхүү, Эдийн засаг, Нягтлан бодох бүртгэл, Банкны удирдлага эсвэл Бизнесийн удирдлагын чиглэлээр бакалавр болон түүнээс дээш зэрэгтэй байх шаардлагатай. Магистрын зэрэгтэй бол давуу тал болдог.",Техник ур чадвар (Hard Skills),"Microsoft Excel (Advanced), Power BI зэрэг шинжилгээний программуудыг эзэмшсэн байх. Санхүүгийн загварчлал (Financial Modeling) гаргах, их өгөгдөл (Big Data) боловсруулах чадвар нь цалингийн хэмжээг нэмэгдүүлэх гол хүчин зүйл болдог.",Ажлын туршлага,"Ахлах болон менежерийн түвшний албан тушаалд 3-5 жил, дунд түвшинд 1-3 жилийн ажлын туршлага шаарддаг. Шинэ төгсөгчдийг ихэвчлэн 'Зээлийн эдийн засагч' эсвэл 'Туслах шинжээч'-ээр авдаг.",Мэргэжлийн сертификат,"CFA (Chartered Financial Analyst) Level 1, ACCA, CPA, эсвэл Мэргэшсэн нягтлан бодогчийн эрхтэй байх, эсвэл эдгээрт суралцаж байх нь өндөр цалинтай (4.0 сая+) ажилд орох давуу тал болдог.",Гадаад хэлний мэдлэг,"Англи хэлний бичгийн болон ярианы ахисан түвшний мэдлэгтэй байх (IELTS/TOEFL). Гадаад харилцагч, хөрөнгө оруулагчидтай харилцах, олон улсын тайлан мэдээ унших чадварыг томоохон компаниуд шаарддаг.",Гүйцэтгэлийн урамшуулал (Bonus),"Ажилтны ажлын гүйцэтгэл, KPI үнэлгээнд суурилан улирал эсвэл хагас жил тутам олгодог урамшуулал. Банк, ББСБ, худалдааны томоохон компаниудад нийтлэг байдаг.",Жилийн эцсийн урамшуулал,"Компанийн жилийн ашгаас хамааран олгодог 13 дахь сарын цалин эсвэл жилийн эцсийн бонус. Уул уурхай (МАК, Багануур) болон томоохон групп компаниудад (Номин, Таван Богд) түгээмэл.",Хувийн эрүүл мэндийн даатгал,"Ажилтны эрүүл мэндийг хамгаалах зорилгоор хувийн эмнэлгүүдэд үйлчлүүлэх эрх бүхий даатгалын багц. (Жишээ нь: Инвескор, МАК, Бороогоулд).","Хоол, унааны хөнгөлөлт","Ажиллах хугацаандаа өдрийн хоолны мөнгөн тэтгэмж авах эсвэл компанийн цайны газраар үнэгүй үйлчлүүлэх, мөн унааны мөнгө эсвэл нэгдсэн унаагаар зорчих эрх.",Мэргэжлийн сургалтын дэмжлэг,"CFA, ACCA, CPA зэрэг мэргэжлийн зэрэг горилох шалгалтын төлбөр эсвэл сургалтын төлбөрийн хөнгөлөлт, дэмжлэг."
Ерөнхий нягтлан бодогч,2500000,8000000,4500000,"Энэхүү албан тушаалд горилогчдоос нягтлан бодох бүртгэлийн чиглэлээр бакалаврын зэрэгтэй, 3-аас дээш жилийн туршлагатай байхыг үндсэн шаардлага болгодог. Томоохон компаниуд Мэргэшсэн Нягтлан Бодогч (CPA) эрхтэй байхыг чухалчилдаг бөгөөд санхүүгийн программууд (1C, Diamond) дээр ажиллах чадвар зайлшгүй шаардлагатай. Мөн татварын хууль тогтоомжийн мэдлэг болон багаар ажиллах удирдах ур чадварыг гол шалгуур болгодог.","Ерөнхий нягтлан бодогчийн албан тушаалд ихэнх байгууллагууд үндсэн цалингаас гадна улирал эсвэл жилийн гүйцэтгэлийн урамшуулал санал болгодог. Мөн өдрийн хоол, утасны ярианы төлбөр болон хувийн эрүүл мэндийн даатгал зэрэг нийгмийн хангамжууд нийтлэг байдаг. Мэргэшсэн нягтлан бодогчийн эрхтэй тохиолдолд нэмэгдэл цалин авах боломжтой байдаг.",76,64,12,Боловсрол,"Нягтлан бодох бүртгэл, банк, санхүү, эдийн засгийн чиглэлээр бакалавр болон түүнээс дээш зэрэгтэй байх шаардлагатай.",Ажлын туршлага,"Мэргэжлээрээ хамгийн багадаа 3-5 жил, удирдах албан тушаалд ажиллаж байсан бол давуу тал болно.",Программ хангамж,"Санхүүгийн 1C, Diamond зэрэг программ хангамжууд болон Excel программыг ахисан түвшинд эзэмшсэн байх.",Мэргэшил,Мэргэшсэн нягтлан бодогчийн эрхтэй байх нь ихэнх томоохон компаниудад үндсэн шаардлага эсвэл давуу тал болдог.,Мэргэжлийн ур чадварууд,"Санхүүгийн дүн шинжилгээ хийх, тайлан баланс гаргах, татварын хууль тогтоомжийн өндөр мэдлэгтэй байх.",Гүйцэтгэлийн урамшуулал,"Улирал, хагас жил эсвэл жилийн эцсийн ажлын гүйцэтгэлээс хамаарсан мөнгөн урамшуулал олгодог.",Хоолны хөнгөлөлт,Ажилтны үдийн хоолны зардлыг компаниас бүрэн хариуцах эсвэл хөнгөлөлт үзүүлдэг.,Эрүүл мэндийн даатгал,Хувийн эмнэлгүүдэд үйлчлүүлэх боломжтой эрүүл мэндийн нэмэлт даатгалд хамруулдаг.,Мэргэшлийн нэмэгдэл,Мэргэшсэн нягтлан бодогчийн эрхтэй бол цалингийн нэмэгдэл эсвэл давуу тал болгон тооцдог.,Уян хатан ажлын цаг,Ажлын цагийн уян хатан зохицуулалт хийх боломжийг зарим байгууллага санал болгодог.
Мэдээллийн аюулгүй байдал болон систем администрат,1800000,7000000,3000000,"Энэхүү ажлын байранд тавигдах шаардлагууд нь цалингийн хэмжээнд шууд нөлөөлдөг. Үндсэн шаардлагад Мэдээллийн технологийн чиглэлээр их дээд сургууль төгссөн байх, сүлжээний болон серверийн (Linux, Windows) администрэйшн хийх чадвар орно. Өндөр цалинтай (3.5 сая төгрөгөөс дээш) ажлын байрнууд нь Cisco (CCNA, CCNP) зэрэг олон улсын сертификат, мэдээллийн аюулгүй байдлын (SOC, SIEM) гүнзгий мэдлэг, Англи хэлний ахисан түвшний чадварыг шаардаж байна. Мөн SQL өгөгдлийн сан, Cloud (Azure, AWS) орчинд ажиллах туршлага нь цалингийн үнэлгээг нэмэгдүүлэх гол хүчин зүйл болдог.","Мэдээллийн аюулгүй байдал болон систем администраторын ажлын байранд цалингаас гадна олгогдох урамшуулал нь байгууллагын төрлөөс ихээхэн хамаарч байна. Технологийн чиглэлийн томоохон компаниуд (Startups болон Fintech) болон уул уурхайн компаниуд нь улирал, хагас жилийн бонус, хувийн эрүүл мэндийн даатгал, фитнессийн гишүүнчлэл, хоолны мөнгө зэрэг өргөн хүрээний багцыг санал болгодог. Харин жижиг байгууллагуудад үндсэн цалин дээр гүйцэтгэлийн урамшуулал нэмэгдэх нь нийтлэг байна. Мөн олон улсын мэргэшсэн сертификат (CCNA, CCNP, CISA) эзэмшсэн тохиолдолд мэргэжлийн зэргийн нэмэгдэл олгох хандлага ажиглагдаж байна.",89,80,9,Боловсрол,"Мэдээллийн технологи, Компьютерийн ухаан, Програм хангамж эсвэл холбогдох чиглэлээр бакалавр болон түүнээс дээш зэрэгтэй байх шаардлагатай.",Техникийн ур чадвар,"Active Directory, Linux/Unix, Windows Server үйлдлийн системүүд, сүлжээний протоколууд (TCP/IP, DNS, VLAN), Firewalls, Router тохиргоо хийх чадвартай байх.",Гадаад хэл,"Англи хэлний дундаас дээш түвшний мэдлэгтэй байх (техникийн баримт бичиг унших, гадаад харилцагчидтай харилцах).",Ажлын туршлага,"Junior түвшинд 1-ээс доошгүй жил, Senior түвшинд 3-5 ба түүнээс дээш жилийн ажлын туршлага шаардана.",Мэргэжлийн сертификат,"CCNA, CCNP, MCSA, CompTIA Network+, Security+ зэрэг мэргэжлийн сертификаттай бол давуу тал болно.",Гүйцэтгэлийн урамшуулал,"Ажилтны гүйцэтгэлээс хамааран улирал эсвэл хагас жил тутамд олгодог нэмэлт цалин урамшуулал. Зарим томоохон компаниуд (Жнь: AND Global, Unitel) хагас жил эсвэл улирал бүр бонус олгодог.",Эрүүл мэндийн даатгал,Хувийн эмнэлгүүдээр үйлчлүүлэх боломжтой эрүүл мэндийн нэмэлт даатгалын багц. IT болон уул уурхайн компаниудад түгээмэл.,Сургалт хөгжлийн дэмжлэг,"Ажилтны мэргэжил дээшлүүлэх сургалт, олон улсын сертификат (CCNA, CCNP гэх мэт) авах шалгалтын төлбөрийн дэмжлэг.",Компанийн ашгаас хүртэх,Компанийн ашиг орлогоос хамаарч ажилтанд хувь хүртээх эсвэл жилийн эцсийн урамшуулал олгох.,Хоолны хөнгөлөлт,"Ажлын байран дахь өглөөний цай, үдийн хоолны хөнгөлөлт эсвэл үнэгүй хоолоор хангах."
Систем хөгжүүлэгч,1800000,7500000,3250000,"Систем хөгжүүлэгчийн цалингийн хэмжээ нь эзэмшсэн технологийн ур чадвар (Tech Stack) болон туршлагаас шууд хамаарч байна. Анхан шатны болон туслах түвшний ажлын байрууд (Жнь: Эмнэлгийн систем шинжээч) 1.8 сая - 2.5 сая төгрөгийн цалинтай байгаа бол Odoo ERP, SQL өгөгдлийн сан, эсвэл DevOps чиглэлээр мэргэшсэн дунд түвшний мэргэжилтнүүд 3.0 сая - 4.5 сая төгрөгийн хооронд үнэлэгдэж байна. Гадаадын хөрөнгө оруулалттай эсвэл өндөр түвшний технологийн компаниуд (Жнь: GTN Mongolia) нарийн мэргэшсэн инженерүүдэд 7.0 сая - 7.5 сая төгрөг хүртэлх цалин санал болгож байгаа нь зах зээлийн дунджаас эрс ялгаатай байна. Англи хэлний мэдлэг болон шинэ технологи (Cloud, AI tools) ашиглах чадвар нь өндөр цалин авах үндсэн шалгуур болж байна.",Өгөгдсөн ажлын зарууд дээр урамшууллын талаарх нарийн мэдээлэл (bonus багана) ихэвчлэн хоосон эсвэл тодорхойгүй байна. Гэсэн хэдий ч мэдээллийн технологийн салбарын нийтлэг жишгээр 'Гүйцэтгэлийн урамшуулал' (Performance Bonus) болон мэргэжил дээшлүүлэх сургалтын боломжууд нь үндсэн цалин дээр нэмэгдэх гол хүчин зүйлс болдог. Зарим компаниуд (Жишээ нь: Мобиком) төсөл удирдах болон баг удирдах чадварыг үнэлж нэмэлт боломжуудыг санал болгож болно.,24,24,0,Боловсрол,"Мэдээллийн технологи, Компьютерын ухаан, Програм хангамжийн инженерчлэл эсвэл электроникийн чиглэлээр бакалавр болон түүнээс дээш зэрэгтэй байх.",Ажлын туршлага,"Тухайн чиглэлээр (ERP, систем хөгжүүлэлт, өгөгдлийн сан) 1-3 жил, ахлах түвшний албан тушаалд 5-аас дээш жил ажилласан туршлагатай байх.",Техник ур чадвар,"Python, Java, .NET, SQL (Oracle, PostgreSQL, MSSQL), Linux/Unix үйлдлийн систем, Odoo ERP, Cloud (AWS, GCP) зэрэг технологиудын мэдлэгтэй байх.",Гадаад хэл,Англи хэлний бичгийн болон ярианы дундаас дээш түвшний мэдлэгтэй байх (Техникийн материал уншиж судлах чадвар).,Зөөлөн ур чадвар,"Асуудал шийдвэрлэх, дүн шинжилгээ хийх (Analytical thinking), шинэ технологи хурдан сурах, багаар хамтран ажиллах чадвар.",Гүйцэтгэлийн урамшуулал,"Төслийн амжилт, ажлын гүйцэтгэл болон компаниас шалтгаалан улирал эсвэл жилээр олгогдох боломжтой.","Сургалт, хөгжүүлэлт","Шинэ технологи, систем судлах, мэргэжлийн сертификат авах сургалтуудад хамрагдах боломж.","Хоол, унааны нэмэгдэл",Өдрийн хоол болон ажилдаа ирж очих унааны зардалд олгох нэмэлт хөнгөлөлтүүд.,Илүү цагийн хөлс,Илүү цагаар ажилласан тохиолдолд хуулийн дагуу олгогдох нэмэгдэл хөлс.,,
Ахлах машин сургалтын инженер,3500000,7500000,5500000,"Энэхүү ажлын байр нь 'Ахлах' (Senior) түвшний албан тушаал тул цалингийн хэмжээнд тавигдах шаардлагууд шууд нөлөөлнө. Ялангуяа GCP, AWS болон OpenAI зэрэг орчин үеийн cloud болон AI платформууд дээр 2-оос дээш жил ажилласан туршлага нь Монголын зах зээлд ховор ур чадвар тул цалинг зах зээлийн дунджаас (Data Scientist дундаж 3.3 сая MNT) дээгүүр буюу Software Engineer болон Lead Developer-ийн түвшинд (5.0 - 7.5 сая MNT) хүргэх гол хүчин зүйл болно. Python хэлний гүнзгий мэдлэг болон Англи хэлний өндөр түвшин нь олон улсын төсөлд оролцох боломжийг олгодог тул цалингийн үнэлгээг өсгөнө.","Тус ажлын байрны зар дээр урамшууллын талаар нарийвчилсан мэдээлэл тусгагдаагүй байна. Гэсэн хэдий ч 'Dentsu Data Artist Mongol' зэрэг олон улсын хөрөнгө оруулалттай технологийн компаниуд ихэвчлэн гүйцэтгэлийн урамшуулал (KPI), эрүүл мэндийн нэмэлт даатгал, уян хатан ажлын цаг, мэргэжлийн сургалтын төлбөрийг хариуцах зэрэг багцуудыг санал болгодог жишигтэй. Ахлах түвшний инженерүүдийн хувьд төслийн амжилтаас хамаарсан бонус цалингийн бүтцэд чухал нөлөө үзүүлдэг.",1,1,0,Боловсрол,"Machine learning, AI, Data analyst чиглэлээр бакалавр болон түүнээс дээш зэрэгтэй байх.",Ажлын туршлага,"GCP (Google Cloud Platform), AWS (Amazon Web Services), OpenAI платформууд дээр 2-оос дээш жил ажиллаж байсан бодит туршлагатай байх.",Техникийн ур чадвар,"Python хэл дээр дата цэвэрлэх, query бичих, машин сургалтын дата бэлтгэх өндөр түвшний чадвартай байх.",Гадаад хэл,"Англи хэлний ахисан түвшний мэдлэгтэй байх (Олон улсын багтай харилцах, бичиг баримт боловсруулах).",,,Гүйцэтгэлийн урамшуулал,Ажлын гүйцэтгэл болон төслийн үр дүнгээс хамааран олгогдох боломжтой нэмэлт цалин эсвэл урамшуулал. (Зард дээр тодорхой дурдаагүй ч IT салбарын жишгээр тооцов),Сургалт хөгжил,"Мэргэжлийн ур чадварыг дээшлүүлэх сургалт, сертификатжуулалтад хамрагдах боломж.",Олон улсын төсөл,"Олон улсын төсөл дээр ажиллах боломж болон үүнтэй холбоотой томилолт, нэмэлт хангамжууд.",,,,
Хүний нөөцийн ажилтан,1500000,5000000,3000000,"Энэхүү ажлын байранд тавигдах шаардлага нь албан тушаалын зэрэглэлээс хамааран харилцан адилгүй байна. Анхан шатны ажилтанд ихэвчлэн холбогдох чиглэлээр их сургууль төгссөн, бичиг баримт боловсруулах чадвартай байх шаардлага тавигддаг бол менежер болон ахлах түвшний албан тушаалд Хөдөлмөрийн хуулийн өндөр мэдлэг, 3-5 жилийн туршлага, англи хэлний чадвар чухал нөлөөтэй. Ялангуяа 'Дата анализ хийх', 'Сургалт хөгжлийг удирдах', 'Сонгон шалгаруулалт хийх' зэрэг нарийн мэргэшсэн ур чадварууд нь 3.5 сая төгрөгөөс дээш цалинтай ажлын байрны үндсэн шалгуур болж байна.","Хүний нөөцийн салбарт цалингаас гадна олгогддог урамшууллууд нь ихэвчлэн гүйцэтгэлээс хамаарсан (KPI) улирлын болон жилийн бонусыг хамардаг. Томоохон групп компаниуд болон уул уурхайн салбарын байгууллагууд (Ж: Моннис, МАК, Оюу Толгой ханган нийлүүлэгчид) ажилтнууддаа эрүүл мэндийн нэмэлт даатгал, унаа хоолны хөнгөлөлт, гар утасны төлбөр болон мэргэжлийн сургалтад хамрагдах боломжийг түлхүү санал болгож байна. Мөн сүүлийн үед уян хатан ажлын цаг болон зайнаас ажиллах боломж нь цалингийн бус урамшууллын нэг хэлбэр болж байна.",120,109,11,Боловсролын түвшин,"Хүний нөөцийн удирдлага, Бизнесийн удирдлага, Эрх зүй эсвэл Сэтгэл судлалын чиглэлээр бакалавр болон түүнээс дээш зэрэгтэй байх.",Ажлын туршлага,"Тухайн албан тушаалын зэрэглэлээс хамааран мэргэжлээрээ 2-оос дээш жил, удирдах албан тушаалд 3-5 ба түүнээс дээш жил ажилласан туршлагатай байх.",Хууль эрх зүйн мэдлэг,"Монгол Улсын Хөдөлмөрийн тухай хууль, Нийгмийн даатгалын тухай хууль болон холбогдох бусад эрх зүйн актуудын талаар гүнзгий мэдлэгтэй байх.",Гадаад хэлний мэдлэг,Англи хэлний дундаас дээш (Upper-Intermediate) түвшний мэдлэгтэй байх нь олон улсын болон томоохон компаниудад үндсэн шаардлага болдог.,"Компьютер, программ хангамж","Компьютерийн хэрэглээний программууд (Word, Excel, PowerPoint) болон ERP, GreenERP зэрэг хүний нөөцийн программ хангамжууд дээр ажиллах чадвартай байх.",Үр дүнгийн урамшуулал,"Ажилтны ажлын гүйцэтгэл, KPI үнэлгээнээс хамааран улирал эсвэл хагас жил тутамд олгогдох мөнгөн урамшуулал.",Сургалтын төлбөрийн дэмжлэг,"Ажилтны мэргэжил дээшлүүлэх сургалт, семинарт хамрагдах зардлыг компаниас бүрэн буюу хэсэгчлэн төлөх дэмжлэг.","Эрүүл мэнд, спорт гишүүнчлэл","Ажилтны эрүүл мэндийг дэмжих зорилгоор хувийн эмнэлэгт үзүүлэх даатгал эсвэл фитнесс, йогийн төвийн гишүүнчлэлийн эрх.","Хоол, унааны хөнгөлөлт",Өдрийн хоолны зардал болон ажилдаа ирж очих унааны зардлыг шийдвэрлэх эсвэл мөнгөн хэлбэрээр олгох.,"Цалинтай чөлөө, амралт","Шинэ аав, ээжид зориулсан цалинтай чөлөө эсвэл хувийн шалтгаанаар авах цалинтай чөлөөний боломжууд."
Төслийн удирдлагын ажилтан,1800000,5000000,2750000,"Цалингийн хэмжээ нь ажилтны туршлага болон эзэмшсэн ур чадвараас шууд хамаарч байна. 1.8-2.5 сая төгрөгийн цалинтай ажлын байрууд нь голчлон бичиг баримт боловсруулах, англи хэлний дунд түвшний мэдлэг шаардсан, бага туршлагатай горилечдод чиглэсэн байна. Харин 3.5-5.0 сая төгрөгийн цалинтай ахлах түвшний байр сууриудад инженерийн нарийн мэргэжил (барилга, уул уурхай), Primavera P6/MS Project зэрэг мэргэжлийн программ эзэмшсэн байх, мөн 3-аас дээш жилийн туршлагыг шаардаж байна. Англи хэлний өндөр мэдлэг нь цалингийн хэмжээг нэмэгдүүлэх гол хүчин зүйлсийн нэг юм.","Төслийн удирдлагын ажлын байранд цалингаас гадна ажилтны нийгмийн хангамж болон ажил амьдралын тэнцвэрт байдалд чиглэсэн урамшууллууд түгээмэл байна. Ялангуяа 'NCCS LLC' зэрэг компаниуд уян хатан ажлын цаг, зайнаас ажиллах боломж, сургалтын төлбөрийн дэмжлэг болон хүүхэд асрах дэмжлэг зэрэг өрсөлдөхүйц багцуудыг санал болгож байна. Мөн гүйцэтгэлээс хамаарсан урамшуулал (бонус) болон томилолтын нэмэгдлүүд (хөдөө орон нутагт ажиллах үед) олгогддог.",11,9,2,Боловсрол,"Инженер, барилга, санхүү, бизнесийн удирдлага зэрэг чиглэлээр бакалавр болон түүнээс дээш зэрэгтэй байх шаардлагатай.",Ажлын туршлага,"Төслийн удирдлага, төлөвлөлт, хяналтын чиглэлээр 3-аас дээш жил ажилласан туршлагатай байх, ялангуяа уул уурхай, барилгын төслүүдэд ажилласан бол давуу тал болно.",Програмын мэдлэг,"MS Project, Primavera P6, Power BI зэрэг төслийн удирдлагын болон өгөгдлийн шинжилгээний программуудыг эзэмшсэн байх.",Гадаад хэл,Англи хэлний бичгийн болон ярианы ахисан эсвэл дунд түвшний мэдлэгтэй байх (Technical English).,Ажлын нөхцөл,Төслийн хугацаанд хөдөө орон нутагт томилолтоор ажиллах боломжтой байх.,Уян хатан ажлын цаг,Ажлын цагийн уян хатан зохицуулалт хийх боломжтой.,Алсаас ажиллах боломж,Гэрээсээ эсвэл өөр байршлаас зайнаас ажиллах боломжоор хангана.,Сургалтын төлбөрийн дэмжлэг,"Ажилтны сурч боловсроход дэмжлэг үзүүлж, сургалтын төлбөрийн хөнгөлөлт эсвэл буцалтгүй тусламж олгоно.",Хүүхэд асрах дэмжлэг,Бага насны хүүхэдтэй ажилтнуудад хүүхэд асрахтай холбоотой санхүүгийн болон цагийн дэмжлэг үзүүлнэ.,Тушаал ахих боломж,"Ажлын гүйцэтгэлээс хамааран албан тушаал дэвших, карьер өсөх тодорхой боломжуудтай."
Ахлах программ хөгжүүлэгч,2500000,6000000,4750000,"Ахлах программ хөгжүүлэгчийн ажлын байранд тавигдах шаардлага нь зөвхөн код бичих чадвараар хязгаарлагдахгүй. Ажил олгогчид дор хаяж 3-5 жилийн туршлагатай, томоохон системүүд (production system) дээр ажиллаж байсан туршлагыг чухалчилж байна. Үүнд архитектурын шийдэл гаргах (MVC, OOP), багийг удирдах (Code review, refactoring), болон гадаад хэл дээр судалгаа хийх чадварууд цалингийн хэмжээг тодорхойлоход гол нөлөө үзүүлнэ.","Мэдээллийн технологийн салбарт ахлах хөгжүүлэгчийн цалингийн багцад үндсэн цалингаас гадна хангамж, урамшуулал өндөр хувь эзэлдэг. Ялангуяа Ubicab зэрэг томоохон технологийн компаниуд улирлын бонус, үдийн хоолны хөнгөлөлт, уян хатан ажлын цаг зэрэг нэмэлт нөхцөлүүдийг санал болгож байна. Энэ нь ажилтны ажил амьдралын тэнцвэрийг хадгалах болон бодит орлогыг нэмэгдүүлэхэд чиглэсэн байдаг.",6,5,1,Ажлын туршлага,"Мэдээллийн технологийн салбарт, ялангуяа Backend эсвэл Fullstack чиглэлээр 3-5 ба түүнээс дээш жил тасралтгүй ажилласан байх.",Боловсрол,"Программ хангамж, мэдээллийн технологийн чиглэлээр бакалавр болон түүнээс дээш зэрэгтэй байх.",Техникийн ур чадвар,"Laravel framework, OOP/MVC архитектур, MySQL өгөгдлийн сан, Git version control зэргийг гүнзгийрүүлсэн түвшинд эзэмшсэн байх.",Гадаад хэл,"Мэргэжлийн түвшинд судалгаа хийх, баримт бичиг боловсруулах чадвартай (Англи хэлний ахисан түвшний мэдлэгтэй).",Менежмент болон хувийн ур чадвар,"Багийг удирдан зохион байгуулах, асуудлыг бие даан оношилж шийдвэрлэх, код стандарт тогтоох чадвар.",Улирал бүр бонус,Гүйцэтгэлийн үнэлгээнээс хамаарч улирал тутам олгогдох мөнгөн урамшуулал.,Үдийн хоол /төлбөргүй/,Ажилтны хоолны зардлыг компаниас бүрэн хариуцах эсвэл хөнгөлөх нөхцөл.,Уян хатан ажлын цаг,Ажлын цагаа өөрт тохиромжтойгоор зохицуулах боломж (IT салбарт түгээмэл).,Зарим өдөр гэрээс ажиллах,Долоо хоногийн тодорхой өдрүүдэд зайнаас буюу гэрээсээ ажиллах боломж.,Ажилчдын хямдрал,"Компанийн бүтээгдэхүүн, үйлчилгээг хөнгөлөлттэй үнээр авах эрх."
Санхүү эрхэлсэн захирал,5000000,10000000,6680000,"Энэхүү албан тушаал нь компанийн 'Гүйцэтгэх удирдлага'-ын түвшинд хамаарах тул шаардлага маш өндөр байна. Цалингийн хэмжээг тодорхойлоход хамгийн гол хүчин зүйл нь 'Мэргэшсэн нягтлан бодогч' зэрэг болон 10+ жилийн туршлага юм. Мөн татварын хууль эрх зүйн мэдлэг, олон улсын стандарт (IFRS) эзэмшсэн байдал, англи хэлний мэдлэг зэрэг нь цалинг дээд түвшинд (10 сая төгрөг хүртэл) хүргэх гол үзүүлэлт болж байна. Статистик дүн шинжилгээ хийх, эрсдэлийн удирдлага зэрэг нарийн ур чадварууд зайлшгүй шаардагддаг.","Санхүү эрхэлсэн захирал (CFO) зэрэг удирдах түвшний албан тушаалд үндсэн цалингаас гадна хангамж, урамшуулал өндөр нөлөөтэй. Ялангуяа томоохон групп компаниуд (Жнь: Милк ХК, Таван Богд Групп) орон сууцны дэмжлэг, компанийн хувьцаа, хувийн эрүүл мэндийн даатгал, компанийн машин зэрэг өндөр үнэ бүхий багцуудыг санал болгож байна. Мөн гүйцэтгэлийн үзүүлэлтээс (KPI) хамаарсан жилийн эцсийн бонус нь нийт орлогын томоохон хэсгийг бүрдүүлдэг.",11,7,4,Боловсрол,"Санхүү, нягтлан бодох бүртгэл, эдийн засгийн чиглэлээр бакалавр болон түүнээс дээш (магистр) зэрэгтэй байх.",Ажлын туршлага,"Санхүүгийн чиглэлээр 10-аас дээш жил ажилласан, үүнээс удирдах албан тушаалд ажилласан туршлагатай байх.",Мэргэшлийн зэрэг,"Мэргэшсэн нягтлан бодогч (CPA), ACCA, CIMA зэрэг олон улсын болон дотоодын мэргэжлийн зэрэгтэй байх шаардлагатай.",Мэргэжлийн ур чадвар,"Татвар, санхүүгийн хууль эрх зүйн гүнзгий мэдлэгтэй, санхүүгийн төлөвлөгөө, төсөв боловсруулах, тайлагнах чадвартай байх.",Удирдах болон бусад чадвар,"Багийг удирдан зохион байгуулах, манлайлах, асуудлыг шийдвэрлэх болон англи хэлний ахисан түвшний мэдлэгтэй байх.",Жилийн эцсийн бонус,Гүйцэтгэлийн үр дүнд суурилан олгодог жилийн эцсийн урамшуулал.,Хувийн эрүүл мэндийн даатгал,Ажилтан болон түүний гэр бүлийн гишүүдэд зориулсан хувийн эмнэлгийн иж бүрэн даатгал.,Орон сууцны дэмжлэг,Удирдах албан тушаалтанд олгох орон сууц худалдан авах хөнгөлөлт эсвэл түрээсийн дэмжлэг.,Компанийн хувьцаа,"Компанийн засаглалд оролцох, ногдол ашиг хүртэх боломж бүхий хувьцаа эзэмших эрх.",Унаа болон хоолны хангамж,"Ажилдаа ирж очих унааны зардал эсвэл компанийн машин, жолоочоор хангах, мөн өдрийн хоолны хангамж."
Мультимедиа дизайнер,1500000,5500000,2900000,"Мультимедиа дизайнерын ажлын байранд тавигдах гол шаардлага нь Adobe багцын программуудыг (ялангуяа Photoshop, Illustrator, Premiere Pro, After Effects) бүрэн эзэмшсэн байх явдал юм. Сүүлийн үед зөвхөн статик зураг бус видео эвлүүлэг, хөдөлгөөнт график (motion graphic) хийх чадвар өндөр үнэлэгдэж байна. Мөн AI хэрэгслүүд (Midjourney, ChatGPT) ашиглах, сошиал медиа маркетингийн мэдрэмжтэй байх нь давуу тал болж байна. Ихэнх ажил олгогчид 1-ээс дээш жилийн туршлага болон хийсэн ажлын Portfolio-г чухалчилдаг.","Мультимедиа дизайнерын ажлын байранд үндсэн цалингаас гадна гүйцэтгэлээс хамаарсан улирлын болон хагас жилийн урамшуулал түгээмэл байдаг. Мөн томоохон компаниуд (Жишээ нь: Номин, Скай Хайпермаркет, Могул Групп гэх мэт) өдрийн хоол, уян хатан ажлын цаг, эрүүл мэндийн даатгал, фитнесс гишүүнчлэл зэрэг нийгмийн халамжийн багцуудыг санал болгож байна. Зарим байгууллага борлуулалтын хувь эсвэл төслийн амжилтаас хамаарсан бонус олгодог.",152,141,11,Програм хангамж,"Adobe Creative Cloud багц (Photoshop, Illustrator, InDesign, Premiere Pro, After Effects) болон CorelDraw зэрэг графикийн программуудыг мэргэжлийн түвшинд эзэмшсэн байх.",Боловсрол,"График дизайн, мультимедиа эсвэл дүрслэх урлагийн чиглэлээр бакалаврын зэрэгтэй байх.",Туршлага,"Мэргэжлээрээ 1-3 жил ажилласан туршлагатай байх, хийсэн ажлуудын Portfolio бүрдүүлсэн байх шаардлагатай.",Тусгай ур чадвар,"Видео эвлүүлэг (Motion graphic), гэрэл зураг авах, сошиал медиа контент бэлтгэх, хэвлэлийн эх бэлтгэлийн мэдлэгтэй байх.",Хувь хүний чанар,"Бүтээлч сэтгэлгээтэй, багаар ажиллах чадвартай, хувийн зохион байгуулалт сайтай, шинэ зүйл суралцах эрмэлзэлтэй байх.",Гүйцэтгэлийн урамшуулал,"Улирал, хагас жил эсвэл жилийн эцсийн үр дүнгээс хамаарсан мөнгөн урамшуулал олгодог.",Хоолны хөнгөлөлт,"Ажилтны өдрийн хоолны зардлыг компаниас бүрэн эсвэл хэсэгчлэн төлөх, эсвэл үнэгүй хоолоор хангах.",Уян хатан ажлын нөхцөл,"Зарим өдрүүдэд гэрээсээ ажиллах боломж болон ажлын эхлэх, тарах цагийн уян хатан зохицуулалт.","Эрүүл мэнд, спорт","Фитнесс, иог, бассейн зэрэг эрүүл мэндийн төвүүдийн гишүүнчлэл эсвэл хувийн эрүүл мэндийн даатгал.",Ажилтны хямдрал,"Компанийн бүтээгдэхүүн, үйлчилгээг хөнгөлөлттэй үнээр авах боломж."
Бүтээгдэхүүн хариуцсан дизайнер,1800000,10000000,3000000,"Энэхүү ажлын байранд голчлон Figma болон Adobe багц программуудыг (Photoshop, Illustrator) бүрэн эзэмшсэн, UI/UX дизайны зарчмуудыг сайн мэддэг мэргэжилтнүүдийг хайж байна. Ажил олгогчид ихэвчлэн 2-оос дээш жилийн туршлага болон хийсэн ажлын портфолиог чухалчилдаг бөгөөд бүтээлч сэтгэлгээ, багаар ажиллах чадвар, англи хэлний мэдлэгийг давуу талд тооцдог. Мөн зарим тохиолдолд 3D Max болон хөгжүүлэлтийн процессын талаарх ойлголттой байхыг шаардаж байна.","Бүтээгдэхүүн хариуцсан дизайнер (Product Designer) ажлын байранд томоохон компаниуд (Жишээ нь: Мобиком, Must.company, Банкууд) үндсэн цалингаас гадна гүйцэтгэлийн бонус, эрүүл мэндийн иж бүрэн даатгал, уян хатан ажлын цаг, болон сургалтын дэмжлэг зэрэг өргөн хүрээний нэмэлт хангамжуудыг санал болгож байна. Жижиг дунд үйлдвэрлэлийн компаниудын хувьд хоол унааны мөнгө болон борлуулалтаас хамаарсан урамшуулал түгээмэл байна.",37,35,2,Мэргэжлийн программууд,"Figma, Adobe Photoshop, Illustrator, Adobe XD, Sketch зэрэг дизайн болон загварчлалын программуудыг мэргэжлийн түвшинд эзэмшсэн байх.",Мэргэжлийн ур чадвар,"UI/UX дизайны онолын мэдлэгтэй, хэрэглэгчийн судалгаа хийх, дизайн спринт зохион байгуулах чадвартай, өнгө болон гоо зүйн өндөр мэдрэмжтэй байх.",Ажлын туршлага,"Мэргэжлээрээ 2-оос дээш жил ажилласан туршлагатай байх, өмнөх ажлын портфолио үзүүлэх шаардлагатай.",Боловсрол,"График дизайн, интерьер дизайн, архитектур эсвэл мэдээллийн технологийн чиглэлээр их дээд сургууль төгссөн байх.",Хувь хүний ур чадвар,"Багаар ажиллах чадвартай, шинийг санаачлагч, бүтээлч сэтгэлгээтэй, харилцааны соёлтой, англи хэлний зохих түвшний мэдлэгтэй байх.",Гүйцэтгэлийн болон жилийн эцсийн урамшуулал,"Хагас жил эсвэл жилийн эцсийн ажлын гүйцэтгэлээс хамаарсан мөнгөн урамшуулал олгодог (Жишээ нь: Мобиком, Банкууд).","Эрүүл мэнд, нийгмийн хангамж","Хувийн эрүүл мэндийн даатгал, сэтгэл зүйн эрүүл мэндийн дэмжлэг, фитнесс/иогийн гишүүнчлэл зэрэг эрүүл мэндийг дэмжих багцууд.",Уян хатан ажлын нөхцөл,Зарим өдөр гэрээсээ ажиллах боломж (Remote work) болон ажлын уян хатан цагийн зохицуулалт.,"Сургалт, хөгжил",Мэргэжил дээшлүүлэх сургалтын төлбөрийн дэмжлэг үзүүлэх болон тушаал дэвших боломжууд.,"Бусад хөнгөлөлт, хангамж","Ажилтны хямдрал, утасны хөнгөлөлт, хоол унааны мөнгө болон бусад байгууллагын дотоод хөнгөлөлтүүд."
Төслийн менежер,792000,6000000,3250000,"Төслийн менежерийн албан тушаалд тавигдах шаардлага нь салбараасаа хамааран харилцан адилгүй байна. IT-ийн салбарт Agile/Scrum арга барил, Jira зэрэг програм хангамжийн мэдлэг чухал бол, барилга уул уурхайн салбарт инженерийн суурь мэдлэг, талбайн туршлага, ХАБЭА-н мэдлэг шаардагддаг. Аль ч салбарт гадаад хэлний өндөр мэдлэг (ялангуяа Англи хэл) болон баг удирдах манлайллын ур чадвар нь цалингийн хэмжээг нэмэгдүүлэх гол хүчин зүйл болж байна.","Төслийн менежерийн албан тушаалд цалингаас гадна гүйцэтгэлээс хамаарсан урамшуулал голлох байр суурь эзэлдэг. Ялангуяа IT, уул уурхай, барилгын салбарт төслийг амжилттай дуусгасан, хугацаандаа хүлээлгэн өгсөн тохиолдолд төслийн үнийн дүнгээс хувь тооцох эсвэл тогтмол бонус олгох нь түгээмэл. Мөн томоохон групп компаниуд орон сууцны дэмжлэг, эрүүл мэндийн иж бүрэн даатгал, уян хатан ажлын цаг зэрэг нийгмийн халамжийн багцуудыг санал болгож байна.",71,65,6,Боловсрол ба Мэргэшил,"Бизнесийн удирдлага, Мэдээллийн технологи, Барилгын инженер эсвэл тухайн төслийн чиглэлээр бакалавр болон түүнээс дээш зэрэгтэй байх. PMP, Prince2 зэрэг олон улсын мэргэшсэн сертификаттай бол давуу тал болно.",Ажлын туршлага,"Төслийн удирдлагаар 3-аас дээш жил ажилласан туршлагатай байх шаардлагатай. Ахлах түвшний менежерүүдэд 5-10 жилийн туршлага, удирдах албан тушаалд ажиллаж байсан туршлагыг шаарддаг.",Гадаад хэл,"Англи хэлний ахисан түвшний мэдлэг (бичгийн болон ярианы) хамгийн түгээмэл шаардлага. Зарим төслүүдэд (ж.нь: Тэсо Инвестмэнт, Таб солюшн) Хятад эсвэл Япон хэлний мэдлэг шаардлагатай.",Техникийн ур чадвар,"Agile, Scrum, Waterfall зэрэг төслийн менежментийн арга барилуудыг эзэмшсэн байх. MS Project, Jira, Trello, ERP системүүд дээр ажиллах чадвартай байх.",Хувь хүний ур чадвар,"Баг удирдан зохион байгуулах, манлайлах, асуудал шийдвэрлэх, цагийн менежмент сайтай байх, олон даалгаврыг зэрэг гүйцэтгэх чадвар.",Жилийн болон улирлын урамшуулал,"Төслийн болон компанийн жилийн эцсийн үр дүнгээс хамааран олгодог урамшуулал. Зарим компаниуд (ж.нь: AND Global, Интерактив) улирал эсвэл хагас жил тутамд гүйцэтгэлийн бонус олгодог.",Орон сууцны дэмжлэг,"Уул уурхай, барилгын томоохон компаниудад (ж.нь: МАК) орон сууцны дэмжлэг үзүүлэх эсвэл хөнгөлөлттэй нөхцөлөөр орон сууц худалдан авах боломжийг санал болгодог.","Эрүүл мэнд, даатгал","Хувийн эрүүл мэндийн даатгал, сэтгэл зүйн эрүүл мэндийн дэмжлэг болон фитнессийн хөнгөлөлт зэрэг багц багтдаг.",Сургалт хөгжил,"Мэргэжлийн ур чадварыг дээшлүүлэх сургалтын төлбөрийн дэмжлэг, гадаад дотоодын сургалтад хамруулах (ж.нь: МАК, Lambda Global ажлын зарууд дээр дурдагдсан).","Унаа, хоолны хөнгөлөлт","Ажилтны унааны зардлыг нөхөн олгох, компанийн унаагаар үйлчлэх эсвэл шатахууны хөнгөлөлт олгодог."
Хүний нөөцийн ахлах ажилтан,2100000,6000000,3250000,"Хүний нөөцийн ахлах ажилтны албан тушаалд тавигдах шаардлага нь зөвхөн бичиг баримт бүрдүүлэлтээс хальж, стратегийн түвшний ур чадваруудыг шаардаж байна. Өгөгдлөөс харахад цалингийн дээд түвшин (4.0 сая MNT-ээс дээш) санал болгож буй ажлын байрнууд нь Хөдөлмөрийн хуулийн өндөр мэдлэг, Англи хэлний чадвар, болон ERP систем дээр ажиллах туршлагыг үндсэн шалгуур болгосон байна. Мөн сэтгэл зүйч мэргэжилтэй эсвэл сургалт хөгжлийн чиглэлээр мэргэшсэн байх нь давуу тал болж, цалингийн үнэлгээнд эерэгээр нөлөөлж байна.","Хүний нөөцийн ахлах ажилтны цалингийн багцад үндсэн цалингаас гадна гүйцэтгэлийн үнэлгээнд суурилсан урамшуулал томоохон байр суурь эзэлдэг. Zangia болон Lambda-ийн өгөгдлөөс харахад томоохон групп компаниуд (Жишээ нь: MCS, Монос, Таван Богд гэх мэт) үндсэн цалинг өндөр тогтоохоос гадна 13 дахь сарын цалин, хувийн эрүүл мэндийн даатгал, фитнессийн эрх зэрэг нийгмийн халамжийн багцуудыг санал болгож байна. Жижиг, дунд байгууллагуудын хувьд хоол, унаа, утасны хөнгөлөлт нь нийтлэг урамшуулалд тооцогдож байна.",107,104,3,Боловсрол,"Хүний нөөцийн удирдлага, Бизнесийн удирдлага, Эрх зүй эсвэл Сэтгэл судлалын чиглэлээр бакалавр болон түүнээс дээш зэрэгтэй байх шаардлагатай.",Ажлын туршлага,"Хүний нөөцийн чиглэлээр тасралтгүй 3-5 жил ажилласан байх, үүнээс ахлах мэргэжилтэн эсвэл удирдах түвшинд ажилласан туршлагатай байхыг чухалчилдаг.",Хууль эрх зүйн мэдлэг,"Монгол Улсын Хөдөлмөрийн тухай хууль, Нийгмийн даатгалын багц хуулиудын шинэчилсэн найруулгыг гүнзгий мэддэг, хэрэглэх чадвартай байх.",Техник ур чадвар,"MS Office (Excel, Power BI) програмуудыг ахисан түвшинд эзэмшснээс гадна ERP систем, хүний нөөцийн програм хангамжууд дээр ажиллах чадвар.",Гадаад хэл,Англи хэлний бичгийн болон ярианы ахисан түвшний мэдлэгтэй байх нь олон улсын харилцаатай болон томоохон компаниудад цалингийн хэмжээг нэмэгдүүлэх гол хүчин зүйл болдог.,Гүйцэтгэлийн урамшуулал,"Сар, улирал эсвэл жилийн KPI үнэлгээ болон ажилд авах, сургалт зохион байгуулах зэрэг төлөвлөгөөний биелэлтээс хамаарч 10-20% хүртэл нэмэгдэл цалин тооцдог.",Жилийн эцсийн урамшуулал,Компанийн жилийн ашгийн байдал болон хувь хүний гүйцэтгэлээс хамаарч 13 дахь сарын цалин эсвэл жилийн эцсийн бонус олгодог.,"Хоол, унааны хөнгөлөлт","Өдрийн хоолны зардлыг компаниас бүрэн хариуцах эсвэл цалин дээр нэмж олгох, мөн унааны мөнгө олгох нийтлэг жишигтэй.","Эрүүл мэнд, спорт","Ажилтны эрүүл мэндэд анхаарч хувийн эрүүл мэндийн даатгал, фитнесс, иогийн гишүүнчлэлийн хөнгөлөлт үзүүлдэг.",Утасны хөнгөлөлт,Албан хэрэгцээнд ашиглах гар утасны ярианы болон дата эрхийн төлбөрийг байгууллагаас төлдөг.
Программ хангамжийн инженер,1500000,9000000,3250000,"Энэхүү албан тушаалд горилогчдоос ихэвчлэн Мэдээллийн технологийн чиглэлээр бакалаврын зэрэг болон тодорхой програмчлалын хэлнүүдийн (Java, JavaScript, Python г.м) гүнзгий мэдлэг шаардаж байна. Туршлагын хувьд анхан шатнаас эхлээд ахлах түвшин хүртэл ялгаатай боловч, ихэнхдээ 1-ээс дээш жилийн бодит төсөл дээр ажилласан туршлагыг чухалчилдаг. Мөн техникийн ур чадвараас гадна Англи хэлний мэдлэг (зарим тохиолдолд Япон хэл) болон багаар ажиллах, Agile/Scrum аргачлалаар ажиллах чадварыг өндрөөр үнэлж байна. Odoo ERP хөгжүүлэлтийн чиглэлээр нарийн мэргэшсэн шаардлагууд мөн цөөнгүй ажиглагдлаа.","Программ хангамжийн инженерийн ажлын байрны зарлалуудад үндсэн цалингаас гадна гүйцэтгэлээс хамаарсан улирлын болон жилийн эцсийн урамшуулал түгээмэл санал болгогддог. Ялангуяа технологийн компаниуд (Lambda Global, Must.company гэх мэт) уян хатан ажлын цаг, зайнаас ажиллах боломж, хувийн эрүүл мэндийн даатгал, фитнессийн гишүүнчлэл зэрэг ажилтны сайн сайхан байдалд чиглэсэн багц хангамжуудыг дурдсан байна. Мөн өглөөний цай, үдийн хоол үнэгүй олгох нь нийтлэг бонус болж харагдаж байна.",62,52,10,Боловсрол,"Мэдээллийн технологи, программ хангамж, мэдээллийн системийн чиглэлээр бакалавр болон түүнээс дээш зэрэгтэй байх шаардлага нийтлэг байна.",Технологийн ур чадвар,"HTML, CSS, JavaScript, ReactJS, NodeJS, Python, Java, SQL зэрэг програмчлалын хэл болон технологиудыг эзэмшсэн байх. Backend болон Frontend хөгжүүлэлтийн фрэймворкуудын мэдлэг шаардагдана.",Хэлний мэдлэг,"Англи хэлний техникийн баримт бичиг унших, бичих чадвартай байх. Зарим ажлын байранд (Жишээ нь: Mobicom, CAL) Япон хэлний N2 түвшний мэдлэг шаардсан байна.",Туршлага,"Тухайн чиглэлээр (ERP, Web, Mobile app г.м) 1-ээс дээш жил ажилласан туршлагатай байх, эсвэл төслийн удирдлагын Agile/Scrum аргачлалын ойлголттой байх.",Хувь хүний ур чадвар,"Багаар ажиллах, асуудал шийдвэрлэх, логик сэтгэлгээ сайтай, шинэ технологийг хурдан сурах чадвар болон хувийн зохион байгуулалт сайтай байх.",Гүйцэтгэлийн урамшуулал,Ажилтны ажлын гүйцэтгэлээс хамааран улирал бүр эсвэл жилийн эцэст олгогдох мөнгөн урамшуулал болон компанийн ашгаас хүртэх боломж.,Уян хатан нөхцөл,"Ажилчдын ая тухыг хангах зорилгоор зарим өдөр гэрээсээ эсвэл алсаас ажиллах боломж, мөн уян хатан ажлын цагийн хуваарь.",Хоолны хөнгөлөлт,"Ажилтанд өглөөний цай, үдийн хоолоор үнэгүй үйлчлэх эсвэл хоолны хөнгөлөлт үзүүлэх хангамж.",Эрүүл мэнд ба Спорт,"Хувийн эрүүл мэндийн даатгал болон фитнесс, иог, wellness төвийн гишүүнчлэлийн эрх.",Карьер хөгжил,"Мэргэжлийн хувьд өсөн дэвжих, албан тушаал ахих тодорхой шатлал болон боломжууд."
Архитектур шийдэл хариуцсан захирал,2100000,10000000,4250000,"Тус ажлын байрны цалингийн хэмжээнд нөлөөлөх гол хүчин зүйл нь туршлага болон салбарын онцлог байна. Уламжлалт барилгын салбарын архитекторуудын цалин 2.1-4.5 сая төгрөгийн хооронд хэлбэлзэж байгаа бол, технологийн шийдэл хариуцсан (Solution Architect) эсвэл групп компанийн ерөнхий инженерийн түвшний албан тушаалууд 6.0-10.0 сая төгрөгийн цалинтай байна. Ялангуяа мэдээллийн технологийн салбар дахь архитектурын шийдлийн ажлын байрууд (Жнь: AND Global) хамгийн өндөр цалинг санал болгож байна. Удирдах түвшний туршлага, олон улсын төсөл дээр ажиллах чадвар нь цалинг дээд хязгаарт хүргэх гол шалгуур болно.","Энэхүү ажлын байранд санал болгож буй урамшууллын багц нь компаниас хамааран харилцан адилгүй байна. 'Сүмбэрцамхаг групп', 'AND Global' зэрэг томоохон байгууллагууд болон IT чиглэлийн компаниуд нь үндсэн цалингаас гадна гүйцэтгэлийн бонус, хувийн эрүүл мэндийн даатгал, хоолны хөнгөлөлт зэрэг өргөн хүрээний хангамжийг санал болгож байна. Харин барилгын салбарын дундаж түвшний компаниудад үндсэн цалин давамгайлах хандлагатай байна.",7,6,1,Боловсрол,"Архитектур, барилгын инженерчлэл эсвэл холбогдох чиглэлээр бакалавр болон түүнээс дээш зэрэгтэй байх шаардлагатай.",Ажлын туршлага,"Тухайн мэргэжлээрээ 5-аас дээш жил ажилласан, үүнээс удирдах албан тушаалд ажилласан туршлагатай байх нь цалингийн хэмжээнд шууд нөлөөлнө.",Программ хангамж,"AutoCAD, Revit, SketchUp, 3ds Max зэрэг зураг төсөл, архитектурын мэргэжлийн программуудыг ахисан түвшинд эзэмшсэн байх.",Мэргэжлийн мэдлэг,"Барилгын норм ба дүрэм (БНбД), стандартуудын талаар гүнзгий мэдлэгтэй байх, төслийн удирдлагын ур чадвартай байх.",Хэлний мэдлэг,"Гадаадын зураг төсөл, стандартыг судлах, олон улсын багтай харилцахын тулд англи хэлний ярианы болон бичгийн өндөр чадвартай байх.",Хагас жил бүрийн бонус,Ажлын гүйцэтгэл болон компанийн үр дүнгээс хамааран жилд хоёр удаа олгогдох мөнгөн урамшуулал. (Эх сурвалж: AND Global),Хувийн эрүүл мэндийн даатгал,"Ажилтны эрүүл мэндийг хамгаалах, хувийн эмнэлгүүдээр үйлчлүүлэх боломжийг олгох багц даатгал.",Өглөөний цай /үнэгүй/,Ажилтнуудын ая тухыг хангах зорилгоор өглөөний цайгаар үнэ төлбөргүй хангах үйлчилгээ.,Тушаал ахих боломж,"Мэргэжлийн хувьд өсч хөгжих, илүү өндөр албан тушаалд дэвших тодорхой тогтолцоо, боломжууд.",,
Ахлах дата инженер,2100000,5000000,3600000,"Ахлах дата инженерийн албан тушаалд тавигдах шаардлага нь техникийн гүнзгий мэдлэг (ялангуяа Power BI, өгөгдлийн удирдлага) болон ажлын туршлагаас шууд хамааралтай байна. Цалингийн хэмжээ нь тухайн ажилтны зэрэглэл (Grade 4-өөс Grade 8 хүртэл) болон гүйцэтгэх үүрэг (цэвэр инженерчлэл эсвэл багийн удирдлага) -ээс шалтгаалан 2.1 саяас 5.0 сая төгрөгийн хооронд хэлбэлзэж байна. Өндөр цалинтай бүлэгт (4.5M+) орохын тулд удирдах түвшний туршлага шаардлагатай.","Өгөгдсөн ажлын байрны зарууд дээр урамшууллын талаарх мэдээлэл хомс байгаа хэдий ч, тусгай ур чадвар (ялангуяа Power BI) эзэмшсэн байх нь давуу тал болж, цалингийн дээд хязгаарт хүрэх боломжийг олгодог. Мөн удирдах түвшний (Grade 7-8) ангилалд багтах ажлын байрнууд нь үндсэн цалингаас гадна гүйцэтгэлийн урамшуулалтай байх жишигтэй байна.",8,7,1,Боловсрол,"Мэдээллийн технологи, Компьютерийн ухаан, Өгөгдлийн удирдлага зэрэг чиглэлээр бакалавр болон түүнээс дээш зэрэгтэй байх.",Туршлага,"Ахлах түвшний албан тушаал тул дата инженер, өгөгдлийн шинжээчээр ажилласан 3-аас доошгүй жилийн туршлага шаардана.",Техник ур чадвар,"Power BI, SQL, Python зэрэг өгөгдөл боловсруулах, дүрслэх хэрэгслүүдийг мэргэжлийн түвшинд эзэмшсэн байх.",Хэлний мэдлэг,"Техникийн бичиг баримт унших, боловсруулах түвшний Англи хэлний мэдлэгтэй байх.",Албан тушаалын зэрэглэл,Мэргэжилтнээс (Grade 4-5) эхлээд Ахлах менежер / Нэгжийн удирдлага (Grade 7-8) хүртэлх түвшинд ажиллах чадвартай байх.,Ур чадварын давуу тал,"Power BI дээр ажиллаж байсан туршлагатай бол давуу тал болж, цалингийн саналд нөлөөлнө.",Гүйцэтгэлийн урамшуулал,Төслийн гүйцэтгэл болон байгууллагын үр дүнгээс хамаарсан урамшуулал олгогдох боломжтой.,,,,,,
Дэд захирал,1048629,2465205,1756917,"Энэхүү албан тушаалд биеийн тамирын мэргэжлийн боловсролоос гадна тухайн спортын төрлөөр (сагсан бөмбөг) мэргэшсэн байхыг шаарддаг. Мэргэжлийн дасгалжуулагчийн лиценз, урьд нь тамирчин байсан туршлага, багаар ажиллах болон удирдан зохион байгуулах чадвар нь цалингийн хэмжээг тодорхойлоход чухал нөлөөтэй.","Сагсан бөмбөгийн дасгалжуулагчийн цалин нь үндсэн цалингаас гадна баг тамирчдын гаргасан амжилтаас шууд хамаардаг. Сургууль, клубүүд нь тэмцээний шагналт байр, лигийн амжилтаас хамаарч өндөр хэмжээний бонус олгодог. Мөн хувийн болон нэмэлт секц хичээллүүлэх нь орлогын томоохон эх үүсвэр болдог.",28,13,15,Боловсрол,"Биеийн тамир, спортын дасгалжуулагч мэргэжлээр бакалавр болон түүнээс дээш зэрэгтэй байх шаардлагатай.",Ажлын туршлага,Сагсан бөмбөгийн дасгалжуулагчаар ажилласан туршлагатай эсвэл мэргэжлийн тамирчин байсан туршлагатай байх.,Мэргэжлийн зэрэг,"Сагсан бөмбөгийн холбооноос олгосон дасгалжуулагчийн албан ёсны эрх, зэрэгтэй байх.",Ур чадвар,"Баг удирдан зохион байгуулах, тамирчидтай харилцах, сэтгэл зүйн зөвлөгөө өгөх чадвартай байх.",Тусгай мэдлэг,"Тамирчдын эрүүл мэнд, гэмтлээс урьдчилан сэргийлэх анхан шатны мэдлэгтэй байх.",Тэмцээний амжилтын урамшуулал,Баг тамирчид тэмцээн уралдаанд медаль хүртэх эсвэл тодорхой амжилт гаргасан тохиолдолд олгогдох мөнгөн урамшуулал.,Илүү цагийн хөлс,"Үндсэн цагаас гадуурх бэлтгэл сургуулилт, тэмцээний үеэр ажилласан цагийг тооцон олгох нэмэгдэл.",Нэмэлт сургалтын орлого,Ганцаарчилсан сургалт эсвэл нэмэлт секц хичээллүүлсний орлогоос тооцогдох хувь.,Гүйцэтгэлийн бонус,Ажлын гүйцэтгэл болон багийн үр дүнгээс хамааран улирал эсвэл жилээр олгогдох бонус.,"Хоол, унааны хөнгөлөлт",Ажилчдын хоолны зардал болон унааны зардалд дэмжлэг үзүүлэх.
Эрүүл мэндийн салбар хариуцсан технологийн захирал,8000000,10000000,9000000,"Энэхүү ажлын байр нь зөвхөн технологийн мэдлэгээс гадна бизнесийн өргөн хүрээний мэдлэг, удирдах туршлагыг чухалчилж байна. Тусгайлан 'Эрүүл мэндийн бизнес хариуцсан захирал' гэсэн чиг үүрэгтэй тул анагаах ухааны салбарын ойлголт дээр нэмээд борлуулалт, маркетингийн стратеги боловсруулах чадвар шаардлагатай. Хамгийн багадаа 5 жилийн удирдах ажлын туршлага шаардаж байгаа нь энэ нь дунд болон доод шатны менежментийн ажил бус, стратегийн түвшний шийдвэр гаргах албан тушаал болохыг илтгэж байна. Цалингийн өндөр үнэлгээ (8-10 сая ₮) нь эдгээр өндөр шалгууртай шууд уялдаатай юм.",Энэхүү албан тушаал нь Гүйцэтгэх удирдлагын түвшний (C-level) ажил тул цалингийн багц нь зөвхөн үндсэн цалингаар хязгаарлагдахгүй. 'Таван Богд Групп'-ийн санал болгож буй багцад орон сууцны дэмжлэг болон жилийн эцсийн бонус зэрэг өндөр дүнтэй урамшууллууд багтсан нь нийт орлогын хэмжээг мэдэгдэхүйц нэмэгдүүлэхээр байна. Мөн группийн дотоод хөнгөлөлтүүд болон нийгмийн халамжийн бодлого нь өрсөлдөхүйц давуу талыг бий болгож байна.,4,3,1,Боловсрол,"Бизнесийн удирдлага, борлуулалт, маркетингийн чиглэлээр бакалавр болон түүнээс дээш боловсролын зэрэгтэй байх.",Туршлага,Удирдах албан тушаалд 5-аас доошгүй жил ажилласан туршлагатай байх шаардлагатай.,Ур чадвар,"Бизнес шинжилгээ хийх, стратеги төлөвлөх, томоохон төслүүдийг удирдан зохион байгуулах чадвартай байх.",Манлайлал,"Гүйцэтгэлийг хянах, оновчтой шийдвэр гаргах, багийг манлайлах өндөр чадамжтай байх.",Асуудал шийдвэрлэх,"Тоон мэдээлэлд дүн шинжилгээ хийх, асуудлыг цогцоор нь харж шийдвэрлэх чадвартай байх.",Жилийн эцсийн бонус,Компанийн жилийн гүйцэтгэл болон хувь хүний ажлын үр дүнгээс хамааран олгогдох санхүүгийн урамшуулал.,Орон сууцны дэмжлэг,Удирдах албан тушаалтанд зориулсан орон сууц худалдан авахад үзүүлэх хөнгөлөлт эсвэл зээлийн дэмжлэг.,Ажилчдын хямдрал,"Группийн охин компаниудын бараа, бүтээгдэхүүн болон үйлчилгээг хөнгөлөлттэй үнээр авах эрх.",Цалинтай чөлөө,Хуульд заасан ээлжийн амралтаас гадна хувийн шалтгаанаар авах боломжтой цалинтай чөлөөний эрх.,Тушаал ахих боломж,"Групп дотроо албан тушаал ахих, карьераа хөгжүүлэх бодит боломжууд."
Гүйцэтгэх захирал,3000000,20000000,7500000,"Гүйцэтгэх захирлын албан тушаалд тавигдах шаардлага маш өндөр бөгөөд цалингийн хэмжээнд шууд нөлөөлдөг. Үндсэн шаардлагад бизнесийн удирдлага эсвэл санхүүгийн чиглэлээр мэргэшсэн байх, удирдах албан тушаалд 5+ жил ажилласан туршлага багтдаг. Өндөр цалинтай (10 сая төгрөгөөс дээш) ажлын байрнууд нь англи хэлний өндөр мэдлэг, олон улсын харилцааны туршлага, болон санхүүгийн нарийн тооцоолол, стратеги боловсруулах чадварыг онцгойлон шаардаж байна.","Гүйцэтгэх захирлын албан тушаалд цалингаас гадна гүйцэтгэлд суурилсан урамшуулал чухал үүрэгтэй. Ялангуяа томоохон групп компаниуд (Жнь: Таван Богд Групп) жилийн эцсийн бонус, компанийн ашгаас хувь хүртэх, хувийн эрүүл мэндийн даатгал болон орон сууцны дэмжлэг зэрэг өндөр үнийн дүн бүхий багц хангамжуудыг санал болгодог. Жижиг болон дунд компаниудын хувьд бүтээгдэхүүний хөнгөлөлт болон уян хатан цагийн нөхцөлийг түлхүү санал болгож байна.",15,10,5,Боловсрол,"Бизнесийн удирдлага, санхүүгийн чиглэлээр бакалавр болон түүнээс дээш (магистр) зэрэгтэй байх шаардлагатай.",Туршлага,"Гүйцэтгэх удирдлагын түвшинд 5-аас доошгүй жил ажилласан туршлагатай байх, баг удирдах чадвартай байх.",Гадаад хэл,"Англи хэлний ахисан түвшний мэдлэгтэй, олон улсын түншүүдтэй хэлэлцээр хийх чадвартай байх.",Мэргэжлийн ур чадварууд,"Санхүүгийн модель дээр үр ашгийн тооцоолол хийх, дунд болон урт хугацааны бизнесийн стратеги боловсруулах чадвар.",Хувь хүний чадвар,"Стратегич сэтгэлгээтэй, оновчтой шийдвэр гаргах, багаа оновчтой бүтэц зохион байгуулалтаар хангах чадвар.",Жилийн эцсийн бонус / Компаний ашгаас хүртэх,"Компанийн жилийн үр дүн, ашиг орлогоос хамааран олгодог нэмэлт урамшуулал.",Эрүүл мэндийн даатгал (Хувийн),Хувийн эмнэлгүүдэд үйлчлүүлэх боломжтой эрүүл мэндийн нэмэлт даатгал.,Орон сууцны дэмжлэг,Компанийн зүгээс ажилтанд орон сууц худалдан авахад дэмжлэг үзүүлэх эсвэл хөнгөлөлттэй нөхцөлөөр хангах.,Ажилчдын хямдрал,"Компанийн бараа бүтээгдэхүүн, үйлчилгээг хөнгөлөлттэй үнээр авах эрх.",Уян хатан ажлын цаг / Цалинтай чөлөө,Уян хатан цагийн хуваарь болон цалинтай чөлөө авах боломжууд.
Машин сургалтын инженер,2100000,6000000,3350000,"Энэхүү ажлын байранд тавигдах шаардлага нь зөвхөн код бичих чадвараар хязгаарлагдахгүй, математик статистикийн гүнзгий мэдлэг, өгөгдөлд дүн шинжилгээ хийх чадварыг шаарддаг. Ажил олгогчид (ж.нь: Мобиком, Mongol iD) ихэвчлэн Python хэлийг үндсэн шалгуур болгодог бөгөөд үүн дээр нэмээд Machine Learning алгоритмууд, Deep Learning моделиудыг бодит амьдралд нэвтрүүлэх MLOps туршлагыг чухалчилж байна. Мөн томоохон компаниуд Cloud (Azure, AWS) орчинд ажиллах чадварыг давуу тал гэж үздэг. Англи хэлний мэдлэг нь олон улсын судалгаа, шинэ технологиудыг судлахад зайлшгүй шаардлагатай. Эхлэн суралцагчдаас (Junior) 1-ээс доошгүй жил, харин туршлагатай инженерээс (Senior) 2-5 жилийн туршлага шаардаж байна.","Машин сургалтын инженер (Machine Learning Engineer) болон Data Scientist ажлын байр нь мэдээллийн технологийн салбартаа өндөр эрэлттэй тул компаниуд цалингаас гадна олон төрлийн урамшуулал санал болгодог. Үүнд хамгийн түгээмэл нь гүйцэтгэлд суурилсан жилийн эцсийн бонус (KPI) юм. Мөн IT салбарын онцлогоос хамааран уян хатан ажлын цаг болон зайнаас ажиллах боломжийг ихэнх компаниуд (Мобиком, Mongol iD гэх мэт) олгож байна. Ажилтнаа тогтвортой ажиллуулах үүднээс сургалтын төлбөрийн дэмжлэг, хувийн эрүүл мэндийн даатгал, фитнессийн эрх зэрэг нийгмийн халамжийн багцуудыг өргөнөөр ашигладаг.",10,8,2,Боловсрол,"Компьютерийн ухаан (CS), Хиймэл оюун ухаан (AI), Өгөгдлийн шинжлэх ухаан (Data Science), Математик эсвэл Статистикийн чиглэлээр бакалавр болон түүнээс дээш зэрэгтэй байх.",Ажлын туршлага,"AI/ML хөгжүүлэлт, өгөгдлийн дүн шинжилгээ (Data Analysis) эсвэл програм хангамжийн хөгжүүлэлтийн чиглэлээр 2-5 жил ажилласан туршлагатай байх.",Техникийн ур чадвар (Hard Skills),"Python програмчлалын хэлний гүнзгий мэдлэгтэй байхаас гадна Machine Learning-ийн сангууд (TensorFlow, PyTorch, Scikit-learn, Pandas) дээр ажиллах чадвар.",DevOps болон Cloud мэдлэг,"MLOps, Docker, Kubernetes болон Cloud орчин (AWS, Azure, GCP) дээр модель хөгжүүлэх, нэвтрүүлэх (Deployment) туршлага.",Гадаад хэл,"Техникийн бичиг баримт унших, судалгаа хийх түвшний Англи хэлний бичгийн болон ярианы дундаас дээш түвшний мэдлэг.",Жилийн эцсийн бонус,Жилийн эцсийн үр дүн болон төслийн амжилттай хэрэгжүүлэлтээс хамааран олгодог мөнгөн урамшуулал.,Уян хатан ажлын цаг / Зайнаас ажиллах,Ажилтан долоо хоногийн тодорхой өдрүүдэд гэрээсээ эсвэл зайнаас ажиллах боломж болон ажлын цагийн чөлөөт зохицуулалт.,Хувийн эрүүл мэндийн даатгал,Ажилтны эрүүл мэндийг хамгаалах зорилгоор хувийн эмнэлгүүдэд үйлчлүүлэх багц бүхий даатгал.,Сургалтын төлбөрийн дэмжлэг,"Мэргэжлийн ур чадвараа дээшлүүлэх, олон улсын сертификат авах болон бусад сургалтад хамрагдахад олгодог санхүүгийн тусламж.",Gym/Yoga/Wellness гишүүнчлэл,"Ажилтны сайн сайхан байдлыг дэмжих зорилгоор фитнесс, иог эсвэл эрүүл мэндийн төвөөр үйлчлүүлэх эрх."
Төслийн удирдлагын албаны дарга,3500000,8000000,5750000,"Энэхүү албан тушаалд горилогчдод тавигдах хамгийн чухал шаардлага бол барилгын салбарын урт хугацааны (10+ жил) туршлага болон удирдах түвшинд ажилласан байдал юм. Түүнчлэн MS Project, Primavera зэрэг нарийн мэргэжлийн програм хангамжийн мэдлэг, олон улсын болон дотоодын стандартуудыг (ISO, БНбД) хэрэгжүүлэх чадвар нь цалингийн хэмжээг дээд түвшинд тогтооход голлон нөлөөлж байна.","Төслийн удирдлагын албаны даргын албан тушаалд үндсэн цалингаас гадна улирлын гүйцэтгэлийн бонус, хувийн эрүүл мэндийн даатгал, унаа болон хоолны хөнгөлөлт зэрэг хангамжууд нийтлэг байдаг. Ялангуяа олон улсын хөрөнгө оруулалттай томоохон компаниудад (жишээ нь MSM Group) сургалтын төлбөрийн дэмжлэг болон компанийн машин ашиглах эрх зэрэг нэмэлт боломжуудыг санал болгож байна.",4,2,2,Боловсрол,"Барилгын инженер, төслийн менежментийн чиглэлээр бакалавр болон түүнээс дээш зэрэгтэй байх.",Ажлын туршлага,"Барилгын салбарт 10-аас дээш жил ажилласан, үүнээс ахлах менежер эсвэл хэлтсийн даргаар 4-өөс дээш жил ажилласан туршлагатай байх.",Мэргэжлийн мэдлэг,"Барилгын норм дүрэм (БНбД), стандарт (MNS, ISO), ХАБЭА-н хууль дүрмийн гүнзгий мэдлэгтэй байх.",Компьютерийн ур чадвар,"MS Project, Primavera зэрэг төслийн удирдлагын програмууд болон MS Office багц програмуудыг ахисан түвшинд эзэмшсэн байх.",Ур чадвар,"Төсөв, гүйцэтгэлд дүн шинжилгээ хийх, эрсдэл тооцох, шийдвэр гаргах болон баг удирдан зохион байгуулах чадвар.",Улирал бүр бонус,Ажлын гүйцэтгэл болон үр дүнгээс хамааран олгогдох улирлын мөнгөн урамшуулал.,Эрүүл мэндийн даатгал (Хувийн),Ажилтан болон түүний гэр бүлд зориулсан хувийн эмнэлгийн иж бүрэн даатгалын үйлчилгээ.,Компаний машин/унаа,Албан ажлын хэрэгцээнд зориулсан компанийн автомашин эсвэл унааны зардлын нөхөн олговор.,Үдийн хоол /төлбөргүй/,Өдрийн хоолны зардлыг компаниас бүрэн хариуцах эсвэл хөнгөлөлттэй үнээр үйлчлэх.,Сургалтын төлбөрийн дэмжлэг,Мэргэжил дээшлүүлэх сургалт болон хувь хүний хөгжилд зориулсан санхүүгийн дэмжлэг.
Програмист,1500000,3500000,2500000,"Энэхүү албан тушаалд тавигдах шаардлага нь ажлын байрны зэрэглэлээс хамааран эрс ялгаатай байна. 'Программын туслах' (1.5 сая - 1.8 сая ₮) ажлын байранд үндсэн ур чадвар шаардаж байгаа бол, 'Middle software developer' (3.0 сая - 3.5 сая ₮) албан тушаалд боловсрол болон ажлын туршлагыг зэрэг шаардаж байна. Мөн 'Low-Code' хөгжүүлэгчийн хувьд тусгай программын орчинд ажиллах ур чадварыг голчилж байна. Ерөнхийдөө IT-ийн салбарт албан ёсны боловсролоос гадна бодит гүйцэтгэлийн ур чадвар цалингийн хэмжээг тодорхойлох гол хүчин зүйл болж байна.","Программистын ажлын байрны урамшуулал нь компани болон ажлын түвшнээс хамааран ялгаатай байна. Жишээлбэл, 'Могул Групп' зэрэг томоохон байгууллагууд цалинтай чөлөө, ажилчдын хямдрал зэрэг нийгмийн хангамжийн шинж чанартай урамшууллыг санал болгож байна. Харин гарааны бизнес эсвэл жижиг компаниуд (Жнь: ХалМон трейд) үндсэн цалинд илүү төвлөрч, нэмэлт урамшуулал дурдаагүй байх магадлалтай. Ахисан түвшний мэргэжилтнүүдийн хувьд (Смарт Софтвэйр Групп) цалингийн дээд хэмжээ өндөр байгаа нь ур чадварт суурилсан урамшууллын системтэй байж болохыг илтгэнэ.",4,3,1,Боловсрол,"Компьютерийн шинжлэх ухаан, мэдээллийн технологийн чиглэлээр бакалавр болон түүнээс дээш зэрэгтэй байх (Смарт Софтвэйр Групп-ийн зар дээр онцолсон).",Ур чадвар,"Програмчлалын хэл, хөгжүүлэлтийн орчин (Low-Code гэх мэт) дээр ажиллах чадвар. Ахисан түвшний ажлын байранд нарийн мэргэшсэн ур чадвар шаардана.",Туршлага,"Middle түвшний хөгжүүлэгчийн хувьд мэргэжлээрээ ажилласан туршлага шаардлагатай бол, туслах ажилтанд туршлага бага шаардана.",,,,,Цалинтай чөлөө,Ажилтан хувийн шалтгаанаар ажлаас чөлөө авах үед олгогдох цалинтай чөлөөний боломж (Могул Групп-ийн зар дээр дурдсан).,Ажилчдын хямдрал,"Компанийн бүтээгдэхүүн, үйлчилгээг ажилтан хөнгөлөлттэй үнээр авах боломж (Могул Групп-ийн зар дээр дурдсан).",Гүйцэтгэлийн урамшуулал,"Мэдээллийн технологийн салбарт төсөл, ажлын гүйцэтгэлээс хамааран олгодог нэмэлт урамшуулал.",,,,
Мобайл хөгжүүлэгч,1500000,4000000,2912500,"Мобайл хөгжүүлэгчийн цалингийн хэмжээнд нөлөөлөх хамгийн чухал шалгуур нь техникийн ур чадвар болон ажлын туршлага байна. Туршлага багатай эсвэл тоглоом хөгжүүлэлтийн чиглэлийн ажлын байрууд (жишээ нь 1.5 сая - 1.8 сая) нь техникийн суурь мэдлэг болон суралцах чадварыг чухалчилж байгаа бол, туршлагатай мэргэжилтний түвшний ажлын байрууд (3.0 сая - 4.0 сая) нь нарийн мэргэжлийн ур чадвар, бие даан ажиллах чадварыг шаардаж байна.","Өгөгдсөн ажлын байрны зарууд дээр үндэслэн цалингийн тооцооллыг хийхэд, ихэнх компаниуд үндсэн цалинг санал болгож байгаа боловч зарим томоохон компаниуд (жишээ нь Юбикаб Холдинг) үндсэн цалингаас гадна гүйцэтгэлээс хамаарсан улирлын бонусыг санал болгож байна. Энэ нь нийт цалингийн багцыг нэмэгдүүлэх гол хүчин зүйл болдог.",4,3,1,Программийн мэдлэг,"Програм хангамж болон хөгжүүлэлтийн талаарх техникийн гүнзгий мэдлэг, код бичих чадвар.",Туршлага,Тухайн чиглэлээр ажилласан жил болон практик туршлага.,Бие даан суралцах чадвар,"Технологийн хурдтай хөгжилтэй хөл нийлүүлэн алхах, шинийг хурдан сурах чадвар.",Гадаад хэл,"Техникийн бичиг баримт унших, ойлгох түвшний англи хэлний мэдлэг.",,,Улирал бүр бонус,Ажлын гүйцэтгэл болон компанийн үр дүнгээс хамааран улирал тутам олгогдох мөнгөн урамшуулал.,,,,,,,,
Бүтээгдэхүүн хариуцсан ахлах дизайнер,3500000,4000000,3750000,"Энэхүү албан тушаал нь 'Ахлах мэргэжилтэн' (Job Level: Senior Specialist, Job Grade: 5-7) ангилалд хамаарч байгаа тул цалингийн хэмжээнд нөлөөлөх гол хүчин зүйл нь нарийн мэргэжлийн ур чадвар (SolidWorks гэх мэт) болон салбарын туршлага юм. Зөвхөн зураг зурахаас гадна бүтээгдэхүүн хөгжүүлэх, техникийн шийдэл гаргах инженерийн сэтгэлгээ шаардагдана. Статистик мэдээллээр энэ төрлийн ажил нь улсын дундаж болон энгийн мэргэжилтний цалингаас (ойролцоогоор 2.6 сая ₮) хамаагүй өндөр буюу 3.5-4.0 сая төгрөгийн хооронд үнэлэгдэж байна.}","Өгөгдсөн ажлын зарууд (Номин Холдинг, Электрокомплект) дээр нэмэлт урамшууллын мэдээлэл (bonus багана) хоосон эсвэл тодорхойгүй байна. Гэсэн хэдий ч Монголын хөдөлмөрийн зах зээл дээрх 3.5-4.0 сая төгрөгийн цалинтай 'Ахлах мэргэжилтэн' (Senior Specialist) ангиллын ажлын байрны хувьд үндсэн цалингаас гадна гүйцэтгэлийн үнэлгээ (KPI)-ээс хамаарсан урамшуулал болон хуулиар олгогдох бусад нэмэгдлүүд багтах нь түгээмэл байдаг.",2,2,0,Мэргэжлийн программ хангамж,"SolidWorks болон бусад 3D зураг төсөл, дизайны программыг мэргэжлийн өндөр түвшинд эзэмшсэн байх шаардлагатай (Электрокомплект компанийн зараас).",Ажлын туршлага,"Ахлах мэргэжилтний түвшинд ажиллах тул мэргэжлээрээ, ялангуяа тавилга болон бүтээгдэхүүний хөгжүүлэлтээр олон жил ажилласан туршлага шаардана.",Боловсрол,"Үйлдвэрлэлийн дизайн, инженерийн зураг төсөл эсвэл холбогдох чиглэлээр бакалавр болон түүнээс дээш боловсролын зэрэгтэй байх.",Удирдан зохион байгуулах чадвар,"Бүтээгдэхүүн хөгжүүлэлтийн багийг чиглүүлэх, төсөл удирдах болон шийдвэр гаргах түвшний ур чадварууд.",,,Гүйцэтгэлийн урамшуулал,"Ажлын гүйцэтгэл, үр дүнгээс хамаарч сар, улирал эсвэл жилийн эцэст олгогдох нэмэлт цалин (KPI). Ахлах түвшний албан тушаалд нийтлэг байдаг.","Хоол, унааны нэмэгдэл","Ажилтны өдрийн хоол болон ажилд ирэх, очих унааны зардалд олгох тогтмол мөнгөн дэмжлэг.",,,,,,
Хөдөө аж ахуй хариуцсан технологийн захирал,2100000,3500000,2800000,"Энэхүү албан тушаалд тавигдах үндсэн шаардлагууд нь мэргэжлийн өндөр ур чадвар болон туршлагад суурилж байна. Голчлон Агрономич болон Ногоон байгууламж хариуцсан мэргэжилтний чиг үүргийг гүйцэтгэх бөгөөд бакалаврын зэрэгтэй байх, судалгааны арга зүйг эзэмшсэн байх нь чухал юм. Мөн өдөр тутмын үйл ажиллагаанд хяналт тавих, баримт бичиг боловсруулах болон арчилгааг гардан зохион байгуулах чадварыг онцгойлон шаардаж байна.","Тус ажлын байрны зарууд дээр урамшууллын талаар тодорхой мэдээлэл тусгагдаагүй байна. Гэсэн хэдий ч технологийн захирал болон ахлах мэргэжилтний түвшний албан тушаалд Монголын хөдөлмөрийн зах зээлд нийтлэг байдлаар гүйцэтгэлийн үр дүнд суурилсан урамшуулал (KPI), хоол болон унааны мөнгө, мөн гар утасны төлбөрийн хөнгөлөлт зэрэг нэмэлт хангамжууд багтдаг.",2,2,0,Боловсрол,"Хөдөө аж ахуй, агрономи эсвэл холбогдох чиглэлээр бакалаврын болон түүнээс дээш зэрэгтэй байх шаардлагатай.",Туршлага,"Тухайн мэргэжлээрээ ажилласан туршлагатай байх, ялангуяа судалгаа шинжилгээний чиглэлээр туршлага хуримтлуулсан байх.",Ур чадвар,"Судалгааны арга зүй эзэмшсэн байх, талбайн судалгаа хийх, дүн шинжилгээ хийх чадвартай байх.",Бичиг баримт боловсруулах,"Ажил үүрэгтэй холбоотой баримт бичиг боловсруулах, тайлагнах чадвар.",Удирдлага ба Хяналт,"Ногоон байгууламж болон хөдөө аж ахуйн үйл ажиллагаанд хяналт тавих, арчилгаа хийх процессыг удирдан зохион байгуулах чадвар.",Гүйцэтгэлийн урамшуулал,Ажлын гүйцэтгэл болон үр дүнгээс хамааран олгох нэмэлт цалин эсвэл урамшуулал.,Хоолны хөнгөлөлт,Ажилтны өдрийн хоолны зардалд олгох мөнгөн тэтгэмж эсвэл хөнгөлөлт.,Утасны хөнгөлөлт,Албан ажлын хэрэгцээнд зориулсан харилцаа холбооны зардлын нөхөн олговор.,,,,
